{
  "116.780525,39.963097|116.461000,39.908700": {
    "distance_m": 36179,
    "duration_s": 3028,
    "api_status": "OK"
  },
  "116.809056,39.950311|116.461000,39.908700": {
    "distance_m": 33815,
    "duration_s": 2590,
    "api_status": "OK"
  },
  "116.817887,39.948938|116.461000,39.908700": {
    "distance_m": 34378,
    "duration_s": 2678,
    "api_status": "OK"
  },
  "116.836516,39.942112|116.461000,39.908700": {
    "distance_m": 37091,
    "duration_s": 3095,
    "api_status": "OK"
  },
  "116.891924,39.925343|116.461000,39.908700": {
    "distance_m": 43444,
    "duration_s": 3759,
    "api_status": "OK"
  },
  "116.937546,39.914215|116.461000,39.908700": {
    "distance_m": 46912,
    "duration_s": 4025,
    "api_status": "OK"
  },
  "116.825543,39.945001|116.461000,39.908700": {
    "distance_m": 34515,
    "duration_s": 2739,
    "api_status": "OK"
  },
  "116.837021,39.943428|116.461000,39.908700": {
    "distance_m": 35849,
    "duration_s": 2910,
    "api_status": "OK"
  },
  "116.902441,39.901751|116.461000,39.908700": {
    "distance_m": 48761,
    "duration_s": 3813,
    "api_status": "OK"
  },
  "116.808984,39.956663|116.461000,39.908700": {
    "distance_m": 35264,
    "duration_s": 3151,
    "api_status": "OK"
  },
  "116.817622,39.953018|116.461000,39.908700": {
    "distance_m": 34856,
    "duration_s": 2831,
    "api_status": "OK"
  },
  "116.826319,39.951407|116.461000,39.908700": {
    "distance_m": 35825,
    "duration_s": 2945,
    "api_status": "OK"
  },
  "116.808452,39.944028|116.461000,39.908700": {
    "distance_m": 35344,
    "duration_s": 2819,
    "api_status": "OK"
  },
  "116.815313,39.972133|116.461000,39.908700": {
    "distance_m": 39486,
    "duration_s": 3322,
    "api_status": "OK"
  },
  "116.825331,39.947249|116.461000,39.908700": {
    "distance_m": 35535,
    "duration_s": 2846,
    "api_status": "OK"
  }
}